Alim_T_out_exp,Alim_T_out_phy,Alim_T_out_hrnn_oof,Ref_T_out_exp,Ref_T_out_phy,Ref_T_out_hrnn_oof,Flux_exp,Flux_phy,Flux_hrnn_oof
33.4887,35.1291668,33.45218276977539,55.8363,54.86720287,57.12447738647461,1.4075,1.368130956,1.5507460832595825
33.4237,34.98746265,33.3095817565918,56.0092,54.85814728,57.14815139770508,1.4288,1.376794256,1.5475928783416748
33.6627,35.25413909,33.572200775146484,56.0744,54.93088563,57.14698028564453,1.4075,1.364961288,1.558682918548584
34.0641,36.16073869,34.02401351928711,64.7119,63.64555128,62.17658615112305,2.0988,2.004611576,1.9463467597961426
34.2121,36.30626093,34.175811767578125,64.7208,63.66766071,62.217018127441406,2.0487,1.998075621,1.961301326751709
34.3609,36.431598,34.29644012451172,64.8056,63.73537183,62.302772521972656,2.0052,1.996374393,1.9736599922180176
33.3564,34.89368045,33.4385871887207,66.112,65.33433328,65.5633544921875,1.3868,1.381707961,1.569947361946106
33.1354,34.60677149,33.12826919555664,66.0814,65.22227672,65.62646484375,1.3668,1.38715286,1.5656440258026123
33.3162,34.86044924,33.40205383300781,66.0898,65.30870243,65.56197357177734,1.3848,1.382099535,1.5703246593475342
34.339,36.4364716,34.30307388305664,64.7182,63.72216188,62.2968635559082,2.0052,1.996656313,1.9731913805007935
34.4295,36.35810091,34.22724533081055,64.7837,63.71163744,62.26707077026367,2.0052,1.999782852,1.9655964374542236
34.3078,36.28490012,34.15606689453125,64.7561,63.66763336,62.21276092529297,2.0487,2.000663338,1.958186388015747
34.3692,35.96340577,34.15094757080078,55.0317,54.05987679,56.04645538330078,1.0843,1.069725352,1.149941086769104
34.3832,35.95915417,34.148075103759766,55.018,54.07085723,56.05287170410156,1.123,1.070394655,1.1487852334976196
34.3098,35.87807259,34.06907653808594,55.0008,54.05483261,56.03341293334961,1.123,1.073421357,1.1478307247161865
33.3257,34.52011259,33.433921813964844,55.9979,55.56729861,57.934425354003906,0.857,0.7491043823,0.7829400300979614
33.2663,34.44114787,33.33652114868164,55.9708,55.54963815,57.88756561279297,0.8729,0.7509123426,0.7823086380958557
33.2044,34.42965591,33.32735061645508,55.9284,55.51702424,57.85379409790039,0.8818,0.7495337542,0.7804075479507446
34.0834,35.49147549,34.36488342285156,64.7498,64.50082597,65.28897094726562,1.1351,1.128438653,1.1030738353729248
34.1634,35.58165103,34.475101470947266,64.729,64.48211605,65.29285430908203,1.123,1.12400308,1.102510929107666
34.0391,35.39782135,34.25688171386719,64.6666,64.45815474,65.2368392944336,1.1098,1.128390273,1.095824956893921
35.7794,37.38469101,35.370609283447266,63.3489,62.65111545,63.2680549621582,1.598,1.615545302,1.583777666091919
35.5309,37.25195841,35.2369499206543,63.2641,62.58240094,63.14564514160156,1.6255,1.618195605,1.5790555477142334
35.8346,37.47653841,35.46302795410156,63.2954,62.62475328,63.315834045410156,1.598,1.608197185,1.5861339569091797
32.1167,34.45637189,31.863265991210938,64.4304,63.20340572,62.58861541748047,2.0988,2.082207314,1.8852205276489258
32.0682,34.39976834,31.788965225219727,64.4082,63.1836339,62.62565994262695,2.0487,2.0846107,1.882955551147461
31.9924,34.33135176,31.69039535522461,64.4112,63.17698651,62.69316864013672,2.0941,2.088181556,1.879096508026123
30.7496,32.58066046,30.631179809570312,65.6165,64.84270863,65.18778228759766,1.4288,1.446792978,1.5117604732513428
30.7895,32.65235458,30.718904495239258,65.6175,64.89678613,65.24906158447266,1.4288,1.446493852,1.514284610748291
30.8799,32.71384508,30.797285079956055,65.6201,64.88634747,65.25879669189453,1.4288,1.443528981,1.5151736736297607
32.2274,34.45072116,31.858722686767578,64.3159,63.20489591,62.58694076538086,2.0988,2.083461348,1.8879082202911377
32.1619,34.32721654,31.67378807067871,64.3405,63.19077089,62.711116790771484,2.0941,2.089174052,1.881697654724121
32.1302,34.3522464,31.715173721313477,64.2812,63.15171067,62.651790618896484,2.0941,2.085251229,1.8816313743591309
31.3444,33.16042009,30.860078811645508,55.5079,54.37182844,57.19490432739258,1.4967,1.453865468,1.4779047966003418
31.2881,33.1092972,30.793540954589844,55.4588,54.33941726,57.1858024597168,1.4734,1.455449851,1.4756340980529785
31.3257,33.15850603,30.86542320251465,55.5026,54.33334232,57.175621032714844,1.4967,1.450518532,1.47532057762146
30.4335,31.8340096,30.16942596435547,56.405,55.77388078,58.449195861816406,1.0255,1.009637574,1.1031029224395752
30.3533,31.70889116,29.994718551635742,56.402,55.74523453,58.42145919799805,1.0026,1.012248136,1.0980010032653809
30.2822,31.69825581,29.980812072753906,56.4023,55.73675833,58.412105560302734,1.0367,1.011586305,1.0963144302368164
31.8771,33.42874399,31.622844696044922,64.8127,64.04293748,64.77935791015625,1.149,1.169960571,1.0366582870483398
31.9615,33.48934068,31.71034812927246,64.8452,64.07723254,64.81242370605469,1.1365,1.169669684,1.0375781059265137
31.9249,33.48686136,31.70669937133789,64.835,64.05429933,64.79356384277344,1.1645,1.168579129,1.0362815856933594
33.4242,35.44827441,32.75118637084961,63.416,62.04316809,62.38789367675781,1.654,1.674409108,1.4854607582092285
33.361,35.42126082,32.70010757446289,63.4483,62.04668086,62.39466094970703,1.7457,1.676862867,1.484511137008667
33.3519,35.4406857,32.73735046386719,63.4357,62.04395414,62.38990783691406,1.6569,1.675034041,1.4860661029815674
32.2507,33.98172145,31.48747444152832,54.8449,53.44046015,55.75907516479492,1.149,1.128895359,1.0984621047973633
32.38,34.08553439,31.628582000732422,54.8331,53.47911558,55.698917388916016,1.1217,1.126224134,1.100724220275879
32.4041,34.08842478,31.63341522216797,54.7915,53.45640338,55.6733512878418,1.1365,1.124925329,1.1006566286087036
31.0132,32.38122156,30.666460037231445,55.7266,55.06819332,56.51045608520508,0.7864,0.7899918491,0.7352008819580078
31.0449,32.4483631,30.756208419799805,55.745,55.11338661,56.56283187866211,0.7851,0.7901863783,0.7381212711334229
31.0581,32.41173024,30.711883544921875,55.7275,55.07380801,56.516212463378906,0.7735,0.7893005832,0.734910249710083
31.7147,33.40519123,31.587656021118164,64.6189,64.04062769,64.76847076416016,1.1776,1.171282527,1.0347423553466797
31.7206,33.41984358,31.612751007080078,64.6026,64.00483993,64.74193572998047,1.1365,1.167563373,1.0313979387283325
31.8531,33.51289005,31.746679306030273,64.642,64.02691105,64.77250671386719,1.1351,1.165638099,1.0330710411071777
32.2986,34.05060073,31.56854248046875,54.6964,53.45855084,55.690486907958984,1.2746,1.128744853,1.1062577962875366
32.2969,34.04243825,31.557363510131836,54.6355,53.46109958,55.69675064086914,1.225,1.128881178,1.1060898303985596
32.2969,34.02824985,31.538251876831055,54.6153,53.45158337,55.703269958496094,1.1631,1.129252231,1.1057543754577637
32.6495,34.56036736,32.612998962402344,60.2257,59.23546079,60.53572463989258,1.3265,1.285898673,1.3325531482696533
32.6378,34.55635923,32.612815856933594,60.2909,59.2553327,60.55141830444336,1.2746,1.289580282,1.3378037214279175
32.5881,34.53293266,32.58116149902344,60.3142,59.22624973,60.518272399902344,1.3099,1.288580809,1.335676670074463
32.6478,33.90896267,32.50654220581055,56.6433,56.15984772,58.84708786010742,0.9072,0.9491579236,1.1714468002319336
32.5728,33.8502572,32.44256591796875,56.6653,56.13961498,58.84028244018555,0.8978,0.9498502937,1.1671208143234253
32.4079,33.72854196,32.308982849121094,56.6076,56.13104901,58.85195541381836,1.0482,0.9531437142,1.1602492332458496
33.821,35.68087455,33.773109436035156,60.2526,59.25131125,59.49498748779297,1.654,1.680219506,1.7665289640426636
33.7657,35.63665935,33.72793197631836,60.2597,59.23008931,59.4738655090332,1.654,1.681303583,1.762986660003662
33.8489,35.74716866,33.84629440307617,60.2461,59.22001404,59.488380432128906,1.654,1.673495992,1.7670986652374268
32.743,34.22692946,32.727867126464844,61.2205,60.66483253,62.375431060791016,1.1504,1.164548817,1.3706976175308228
32.9853,34.46951389,33.002132415771484,61.2283,60.71410934,62.4543571472168,1.1365,1.15839993,1.3812936544418335
32.874,34.3154859,32.82767105102539,61.2422,60.68542786,62.40480422973633,1.123,1.16194643,1.3735229969024658
32.1568,34.27469687,31.95153045654297,61.9238,60.75913098,61.13136291503906,1.6835,1.647194055,1.6163139343261719
32.0083,34.14815323,31.754901885986328,61.8653,60.71685148,61.126930236816406,1.6835,1.649771479,1.6100293397903442
31.9878,34.13027436,31.717527389526367,61.8571,60.71668495,61.14037322998047,1.6865,1.648707037,1.6067743301391602
35.0677,36.68472164,34.565711975097656,64.2703,63.40108006,61.600250244140625,1.4734,1.790379386,1.389224648475647
34.8792,36.52151011,34.425498962402344,64.2502,63.35795179,61.731414794921875,1.4508,1.791303963,1.3559046983718872
34.9075,36.58941413,34.48357009887695,64.2326,63.34887058,61.65907669067383,1.4288,1.777690666,1.3279130458831787
34.1742,35.48282578,33.86841583251953,55.4281,54.62498974,55.51168441772461,0.916,1.187844722,0.9156454801559448
34.0578,35.39345019,33.777618408203125,55.4348,54.63064332,55.548187255859375,0.9152,1.197727563,0.9328089952468872
34.0134,35.35185012,33.76234817504883,55.406,54.59056192,55.57521057128906,0.9152,1.193352523,0.9223631620407104
33.9291,35.11349513,33.84502029418945,65.1912,64.83802275,64.00425720214844,0.8343,1.177714606,0.8729506731033325
33.9478,35.15837439,33.89297866821289,65.196,64.82572072,63.93778991699219,0.827,1.165312486,0.84859299659729
33.9711,35.127111,33.87024688720703,65.2201,64.79755351,63.86754608154297,0.827,1.158073045,0.832490086555481
33.2443,34.16555244,33.39614486694336,56.2766,55.86081083,56.84463119506836,0.5391,0.8013071598,0.6109378933906555
33.228,34.17788529,33.420799255371094,56.2494,55.84049604,56.84136962890625,0.5209,0.796094392,0.5984823703765869
33.2018,34.12746187,33.410404205322266,56.2442,55.81619082,56.900569915771484,0.5069,0.7900657525,0.5759821534156799
37.5831,39.11249365,36.71347427368164,63.5963,62.82419786,60.871089935302734,0.9931,1.350731185,1.0451785326004028
37.5394,39.0324795,36.65171813964844,63.6099,62.79459138,60.91380310058594,0.9818,1.358056755,1.061564326286316
37.3633,38.89391997,36.51369857788086,63.6019,62.7766719,61.03245544433594,0.9931,1.364281543,1.0615217685699463
35.5669,36.85636771,35.144744873046875,54.9426,54.11654856,55.78546142578125,0.6165,0.89298291,0.7233525514602661
35.6097,36.88269657,35.16962814331055,54.9271,54.11110937,55.76856231689453,0.6043,0.8907980796,0.7208643555641174
35.5364,36.80998816,35.116981506347656,54.9107,54.10277279,55.76449203491211,0.6161,0.8913274252,0.7138811349868774
33.7448,34.72839547,33.949005126953125,55.6811,55.30373993,57.459014892578125,0.3043,0.5969295401,0.4747543931007385
33.7117,34.69399984,33.93168640136719,55.6815,55.29343884,57.473995208740234,0.3368,0.596336028,0.4713897109031677
33.6984,34.71035723,33.913516998291016,55.6824,55.30828866,57.44036102294922,0.3479,0.6013727568,0.4870411157608032
34.5407,35.77891646,34.327308654785156,64.5478,64.17597708,63.901580810546875,0.5752,0.9376285968,0.7562009692192078
34.5616,35.8162868,34.338218688964844,64.5647,64.20167589,63.87776565551758,0.5748,0.9440042366,0.7728817462921143
34.5906,35.73138068,34.270206451416016,64.7795,64.18007736,63.90011215209961,0.5752,0.9468948069,0.7780231833457947
33.3275,34.95169809,33.618648529052734,59.8693,58.95782402,60.17028045654297,0.8425,1.080464988,0.7724379897117615
33.2554,34.87570842,33.51644515991211,59.9096,58.98029511,60.22519302368164,0.857,1.098256278,0.8113517761230469
33.3336,34.97589105,33.56411361694336,59.9152,59.02769256,60.16271209716797,0.841,1.103748741,0.8296928405761719
32.495,33.68129926,32.819522857666016,64.4164,63.72719251,64.47074890136719,0.5929,0.9682123737,0.751920759677887
32.6122,33.76767095,32.84872055053711,64.4335,63.77126812,64.60003662109375,0.5899,0.9870435158,0.7980022430419922
32.5147,33.66390265,32.75590515136719,64.4553,63.78002094,64.67503356933594,0.6125,0.9921492501,0.8039618730545044
32.6922,34.19069326,33.01717758178711,54.3555,53.32032468,55.519195556640625,0.6373,0.9646561794,0.6968479156494141
32.636,34.15276994,32.98452377319336,54.323,53.30238914,55.51632308959961,0.655,0.9664773492,0.6990038752555847
32.6858,34.17587983,33.01044845581055,54.3223,53.30246825,55.50096893310547,0.6456,0.9635415711,0.6937963366508484
35.8754,37.50480347,35.23989486694336,63.2214,62.37538457,61.929443359375,0.9921,1.424994287,1.1416378021240234
36.0245,37.59554603,35.317909240722656,63.2724,62.43000382,61.90085983276367,1.0037,1.422009067,1.1312620639801025
35.9296,37.56395005,35.27421188354492,63.2705,62.40948287,61.92097854614258,0.9717,1.418125768,1.1169805526733398
32.8717,34.67306786,32.930667877197266,64.1361,62.86251796,63.14777755737305,1.3868,1.855268961,1.281227707862854
33.0437,34.76170336,32.99138641357422,64.1739,62.86614707,63.09556579589844,1.3473,1.841443292,1.2482376098632812
32.7292,34.46099956,32.794578552246094,64.1209,62.83929474,63.29060363769531,1.4075,1.878127714,1.325690746307373
31.1476,32.0880959,31.787965774536133,56.2171,55.46456333,57.71797180175781,0.536,0.8519401182,0.6409372091293335
31.0474,31.99389011,31.730751037597656,56.2084,55.43962243,57.7391242980957,0.5297,0.8503583459,0.6318135261535645
31.1745,32.11984398,31.86098289489746,56.2181,55.45706278,57.751182556152344,0.5152,0.8417418575,0.6137549877166748
31.7819,32.95274804,32.098854064941406,65.3306,64.5177309,64.14958190917969,0.8418,1.259225169,0.9408930540084839
31.6988,32.92794421,32.09718322753906,65.3195,64.51588776,64.13121795654297,0.827,1.25255532,0.9207208156585693
31.8418,33.04739492,32.19189453125,65.3106,64.50795402,64.09159851074219,0.8205,1.248124137,0.9175000190734863
33.8804,35.63993785,33.46000289916992,63.1533,61.86527173,63.720306396484375,1.1351,1.479872458,1.1921223402023315
33.9273,35.62317198,33.45093536376953,63.1444,61.85594593,63.74275207519531,1.06,1.476675026,1.1846144199371338
33.9467,35.63985072,33.46977615356445,63.1395,61.85091374,63.73796463012695,1.1504,1.471748125,1.173085331916809
31.6606,32.57904195,31.970640182495117,55.7049,54.96320715,57.44596862792969,0.396,0.6800002402,0.5622828006744385
31.5081,32.52677337,31.964317321777344,55.6224,54.92832723,57.43419647216797,0.5418,0.6755881512,0.5434067845344543
31.663,32.57299606,32.04269027709961,55.6432,54.91552851,57.41063690185547,0.3895,0.6685464779,0.5291499495506287
34.907,36.09766396,34.55886459350586,54.9113,53.89835255,55.9410285949707,0.6046,0.9200126422,0.7402834296226501
34.981,36.16782265,34.63596725463867,54.9112,53.91676824,55.8941764831543,0.5823,0.911060253,0.7210291028022766
34.9285,36.10050741,34.57542419433594,54.8837,53.88383207,55.912391662597656,0.5966,0.9157166,0.7305664420127869
31.9153,33.40616175,32.37302017211914,54.9455,54.08956293,56.29705047607422,0.8737,1.269631011,0.9383949041366577
32.0011,33.47389617,32.41988754272461,54.9426,54.12640272,56.31357955932617,0.8418,1.267733181,0.9402610063552856
31.9551,33.40949835,32.37501907348633,54.9137,54.09393503,56.29941940307617,0.8351,1.268975158,0.9381904602050781
32.6879,34.20849584,32.568382263183594,60.2465,59.603281,60.15483856201172,1.1504,1.369047536,1.2365500926971436
32.6857,34.19155659,32.547054290771484,60.2355,59.59294498,60.14814376831055,1.1791,1.372067994,1.2433061599731445
32.7972,34.28345351,32.6486701965332,60.2759,59.62464623,60.16212844848633,1.1645,1.370304541,1.2434762716293335
32.7731,34.63400593,32.754981994628906,60.2173,59.13190528,59.53273010253906,1.0843,1.211296238,1.049328088760376
32.8946,34.71094642,32.885643005371094,60.1724,59.14104383,59.485877990722656,1.1631,1.207060658,1.0395991802215576
32.7845,34.57068414,32.65329360961914,60.1464,59.1117791,59.526153564453125,1.06,1.212222161,1.0543475151062012
33.5542,35.50432291,33.777313232421875,59.6725,58.38205092,59.6929931640625,1.3283,1.427557593,1.31447172164917
33.653,35.48595528,33.76247024536133,59.8015,58.35826875,59.67282485961914,1.4054,1.424488543,1.3108383417129517
33.5897,35.41864808,33.68357849121094,59.821,58.35376783,59.7108268737793,1.2746,1.429161347,1.3152941465377808
31.8551,33.55004696,31.62550163269043,60.2223,58.87005361,59.80532455444336,1.1085,1.240234048,1.1817294359207153
31.9073,33.63677239,31.703567504882812,60.2259,58.88925174,59.76313400268555,1.1085,1.238158421,1.175025463104248
31.9511,33.67443837,31.736326217651367,60.1957,58.89040777,59.737754821777344,1.1098,1.237304193,1.1715452671051025
32.9467,34.56978879,32.66026306152344,60.3805,59.12144977,59.544517517089844,1.0708,1.210375594,1.0441776514053345
33.0619,34.67962933,32.84565353393555,60.3636,59.12197952,59.4515495300293,1.0969,1.204107026,1.0264387130737305
33.1361,34.74113295,32.94918441772461,60.3672,59.14001798,59.44770812988281,1.0356,1.204118096,1.0206317901611328
33.0579,34.62579764,32.757469177246094,60.349,59.1252035,59.49799346923828,1.06,1.206448106,1.0299372673034668
33.0547,34.66832224,32.83108901977539,60.2624,59.11469551,59.44265365600586,1.0482,1.204293208,1.0230127573013306
33.0854,34.75626352,32.971824645996094,60.1348,59.14874683,59.44902420043945,1.1365,1.202307121,1.0188333988189697
33.2703,35.12061023,33.24205017089844,64.6067,63.54592106,64.98439025878906,1.3081,1.459253078,1.3110624551773071
33.3463,35.23238001,33.36339569091797,64.6435,63.5864292,64.994140625,1.292,1.456704523,1.3129161596298218
33.3823,35.24552494,33.37625503540039,64.6676,63.5865615,64.99369049072266,1.3099,1.457601202,1.3165905475616455
32.6005,34.0289498,32.424137115478516,55.7258,54.73886687,55.209129333496094,0.8978,0.9783574313,0.8809210658073425
32.5756,34.01760299,32.4153938293457,55.6888,54.73701651,55.21818923950195,0.8978,0.9771856497,0.8776117563247681
32.6151,34.06520125,32.47097396850586,55.7122,54.74467465,55.215755462646484,0.8343,0.9749171893,0.8711918592453003
34.0683,35.70422078,34.10289001464844,60.3255,59.41957002,59.77103042602539,1.0134,1.181166333,1.0756603479385376
34.0081,35.61466393,34.00936508178711,60.2986,59.35346629,59.69122314453125,1.1098,1.178257169,1.0646743774414062
33.9966,35.61743029,34.01203918457031,60.2794,59.37176635,59.708885192871094,1.0134,1.17956432,1.063336730003357
33.3989,35.30466866,33.45310974121094,64.5644,63.6010813,64.97583770751953,1.2576,1.454277985,1.3116647005081177
33.3137,35.21704977,33.35511016845703,64.588,63.56347714,64.96598052978516,1.2938,1.454486399,1.3048570156097412
33.2916,35.17771607,33.316165924072266,64.6075,63.5719596,64.97736358642578,1.2746,1.455840838,1.3016135692596436
33.2491,35.13224831,33.24604415893555,64.4613,63.51662284,64.96123504638672,1.3099,1.458269361,1.3156987428665161
33.4568,35.33895101,33.49628448486328,64.4767,63.5542949,64.91514587402344,1.3473,1.44729121,1.3064558506011963
33.4301,35.27047292,33.42031478881836,64.4682,63.51286202,64.89739227294922,1.2576,1.448896112,1.302287220954895
32.9052,34.65415021,32.79377746582031,60.1109,59.13637351,59.51429748535156,1.0843,1.208767036,1.0382980108261108
33.0682,34.77669722,33.00055694580078,60.1394,59.1788421,59.48703384399414,1.1504,1.203436124,1.0219470262527466
32.9335,34.65289308,32.797828674316406,60.114,59.13894673,59.50445556640625,1.0356,1.207458596,1.0316170454025269
32.5264,34.09393197,32.504371643066406,55.6183,54.75334492,55.21714782714844,0.8418,0.9730031706,0.866945743560791
32.4607,34.02066213,32.42520523071289,55.6293,54.74621381,55.24077224731445,0.8418,0.9755571492,0.8700335025787354
32.4508,34.0702767,32.475868225097656,55.6228,54.75559113,55.22393798828125,0.8649,0.9752321108,0.8709843754768372
32.466,33.93050358,32.40338134765625,60.5439,59.97704491,60.48358154296875,0.8501,0.9739723291,0.744348406791687
32.3682,33.82867473,32.291866302490234,60.5456,59.95360722,60.42442321777344,0.8729,0.9752861671,0.7431281805038452
32.2662,33.7434537,32.20258712768555,60.5652,59.95099432,60.40138244628906,0.8058,0.9779356797,0.7468816637992859
33.4864,34.97709605,33.43462371826172,59.4152,58.78326263,58.9683952331543,0.8052,1.081486854,0.9406801462173462
33.5961,35.07951811,33.56031036376953,59.4078,58.80640712,59.01091384887695,0.7997,1.078469126,0.936335563659668
33.5172,35.01954858,33.484378814697266,59.3945,58.80097494,58.99570846557617,0.793,1.079414473,0.9346227049827576
